<?xml version="1.0" encoding="UTF-8"?>

<CompactData xmlns="http://www.SDMX.org/resources/SDMXML/schemas/v2_0/message" xmlns:bbk="http://www.bundesbank.de/statistik/zeitreihen/BBKcompact" xmlns:compact="http://www.SDMX.org/resources/SDMXML/schemas/v2_0/compact" xmlns:xsl="http://www.w3.org/2001/XMLSchema-instance" xsl:schemaLocation="http://www.SDMX.org/resources/SDMXML/schemas/v2_0/message schemas/SDMXMessage.xsd http://www.bundesbank.de/statistik/zeitreihen/bbkcompact schemas/BBKCompactData.xsd http://www.SDMX.org/resources/SDMXML/schemas/v2_0/compact schemas/SDMXCompactData.xsd">
  <Header>
    <ID>BBEX3_D_GRD_EUR_BB_AC_000</ID>
    <Test>false</Test>
    <Truncated>false</Truncated>
    <Prepared>2021-05-06T20:11:22</Prepared>
    <Sender id="BBK">
      <Name xml:lang="de">Deutsche Bundesbank</Name>
      <Contact>
        <Email>presse-information@bundesbank.de</Email>
      </Contact>
    </Sender>
  </Header>
  <bbk:DataSet datasetID="BBK_ERX">
    <bbk:Series FREQ="D" BBK_ID="BBEX3.D.GRD.EUR.BB.AC.000" DECIMALS="2" UNIT="GRD" UNIT_MULT="0" BBK_TITLE="Euro-Referenzkurs der EZB / 1 EUR = ... GRD / Griechenland / bis Ende Dezember 2000" BBK_TITLE_ENG="Euro foreign exchange reference rate of the ECB / EUR 1 = GRD ... / Greece / up to the end of December 2000" BBK_COMM_GEN="Die EZB veröffentlichte tägliche Referenzkurse für Drachmen (GRD), die auf Grundlage der Konzertation zwischen Zentralbanken um 14.15 Uhr ermittelt wurden. Am 1. Januar 2001 Beitritt Griechenlands zum Euro-Währungsgebiet; unwiderruflicher Euro-Umrechnungskurs: 1 EUR = 340,750 GRD." BBK_COMM_GEN_ENG="The ECB published daily euro foreign exchange reference rates for Greek drachmas (GRD), which were calculated on the basis of the concertation between central banks at 14.15. Greece joined the euro area on 1 January 2001; irrevocable euro conversion rate: EUR 1 = GRD 340.750." BBK_COMM_SRC="Europäische Zentralbank (EZB)." BBK_COMM_SRC_ENG="European Central Bank (ECB).">
      <bbk:Obs TIME_PERIOD="2000-12-31" BBK_OBS_STATUS="K"/>
      <bbk:Obs TIME_PERIOD="2000-12-30" BBK_OBS_STATUS="K"/>
      <bbk:Obs TIME_PERIOD="2000-12-29" OBS_VALUE="340.75" BBK_DIFF="0.0"/>
      <bbk:Obs TIME_PERIOD="2000-12-28" OBS_VALUE="340.75" BBK_DIFF="0.0"/>
      <bbk:Obs TIME_PERIOD="2000-12-27" OBS_VALUE="340.75" BBK_DIFF="0.0"/>
      <bbk:Obs TIME_PERIOD="2000-12-26" BBK_OBS_STATUS="K"/>
      <bbk:Obs TIME_PERIOD="2000-12-25" BBK_OBS_STATUS="K"/>
      <bbk:Obs TIME_PERIOD="2000-12-24" BBK_OBS_STATUS="K"/>
      <bbk:Obs TIME_PERIOD="2000-12-23" BBK_OBS_STATUS="K"/>
      <bbk:Obs TIME_PERIOD="2000-12-22" OBS_VALUE="340.75" BBK_DIFF="0.0"/>
      <bbk:Obs TIME_PERIOD="2000-12-21" OBS_VALUE="340.75" BBK_DIFF="0.0"/>
      <bbk:Obs TIME_PERIOD="2000-12-20" OBS_VALUE="340.75" BBK_DIFF="0.0"/>
      <bbk:Obs TIME_PERIOD="2000-12-19" OBS_VALUE="340.75" BBK_DIFF="0.0"/>
      <bbk:Obs TIME_PERIOD="2000-12-18" OBS_VALUE="340.75" BBK_DIFF="0.0"/>
      <bbk:Obs TIME_PERIOD="2000-12-17" BBK_OBS_STATUS="K"/>
      <bbk:Obs TIME_PERIOD="2000-12-16" BBK_OBS_STATUS="K"/>
      <bbk:Obs TIME_PERIOD="2000-12-15" OBS_VALUE="340.75" BBK_DIFF="0.0"/>
      <bbk:Obs TIME_PERIOD="2000-12-14" OBS_VALUE="340.74" BBK_DIFF="0.0"/>
      <bbk:Obs TIME_PERIOD="2000-12-13" OBS_VALUE="340.72" BBK_DIFF="0.0"/>
      <bbk:Obs TIME_PERIOD="2000-12-12" OBS_VALUE="340.74" BBK_DIFF="0.0"/>
      <bbk:Obs TIME_PERIOD="2000-12-11" OBS_VALUE="340.73" BBK_DIFF="0.0"/>
      <bbk:Obs TIME_PERIOD="2000-12-10" BBK_OBS_STATUS="K"/>
      <bbk:Obs TIME_PERIOD="2000-12-09" BBK_OBS_STATUS="K"/>
      <bbk:Obs TIME_PERIOD="2000-12-08" OBS_VALUE="340.68" BBK_DIFF="0.0"/>
      <bbk:Obs TIME_PERIOD="2000-12-07" OBS_VALUE="340.66" BBK_DIFF="0.0"/>
      <bbk:Obs TIME_PERIOD="2000-12-06" OBS_VALUE="340.6" BBK_DIFF="0.0"/>
      <bbk:Obs TIME_PERIOD="2000-12-05" OBS_VALUE="340.57" BBK_DIFF="0.0"/>
      <bbk:Obs TIME_PERIOD="2000-12-04" OBS_VALUE="340.6" BBK_DIFF="0.0"/>
      <bbk:Obs TIME_PERIOD="2000-12-03" BBK_OBS_STATUS="K"/>
      <bbk:Obs TIME_PERIOD="2000-12-02" BBK_OBS_STATUS="K"/>
      <bbk:Obs TIME_PERIOD="2000-12-01" OBS_VALUE="340.57" BBK_DIFF="0.0"/>
      <bbk:Obs TIME_PERIOD="2000-11-30" OBS_VALUE="340.54" BBK_DIFF="0.0"/>
      <bbk:Obs TIME_PERIOD="2000-11-29" OBS_VALUE="340.48" BBK_DIFF="0.0"/>
      <bbk:Obs TIME_PERIOD="2000-11-28" OBS_VALUE="340.42" BBK_DIFF="0.0"/>
      <bbk:Obs TIME_PERIOD="2000-11-27" OBS_VALUE="340.35" BBK_DIFF="0.0"/>
      <bbk:Obs TIME_PERIOD="2000-11-26" BBK_OBS_STATUS="K"/>
      <bbk:Obs TIME_PERIOD="2000-11-25" BBK_OBS_STATUS="K"/>
      <bbk:Obs TIME_PERIOD="2000-11-24" OBS_VALUE="340.32" BBK_DIFF="0.0"/>
      <bbk:Obs TIME_PERIOD="2000-11-23" OBS_VALUE="340.24" BBK_DIFF="0.0"/>
      <bbk:Obs TIME_PERIOD="2000-11-22" OBS_VALUE="340.19" BBK_DIFF="0.0"/>
      <bbk:Obs TIME_PERIOD="2000-11-21" OBS_VALUE="340.24" BBK_DIFF="0.0"/>
      <bbk:Obs TIME_PERIOD="2000-11-20" OBS_VALUE="340.2" BBK_DIFF="0.0"/>
      <bbk:Obs TIME_PERIOD="2000-11-19" BBK_OBS_STATUS="K"/>
      <bbk:Obs TIME_PERIOD="2000-11-18" BBK_OBS_STATUS="K"/>
      <bbk:Obs TIME_PERIOD="2000-11-17" OBS_VALUE="340.2" BBK_DIFF="0.0"/>
      <bbk:Obs TIME_PERIOD="2000-11-16" OBS_VALUE="340.16" BBK_DIFF="0.0"/>
      <bbk:Obs TIME_PERIOD="2000-11-15" OBS_VALUE="340.13" BBK_DIFF="0.0"/>
      <bbk:Obs TIME_PERIOD="2000-11-14" OBS_VALUE="340.15" BBK_DIFF="0.0"/>
      <bbk:Obs TIME_PERIOD="2000-11-13" OBS_VALUE="340.15" BBK_DIFF="0.0"/>
      <bbk:Obs TIME_PERIOD="2000-11-12" BBK_OBS_STATUS="K"/>
      <bbk:Obs TIME_PERIOD="2000-11-11" BBK_OBS_STATUS="K"/>
      <bbk:Obs TIME_PERIOD="2000-11-10" OBS_VALUE="340.1" BBK_DIFF="0.0"/>
      <bbk:Obs TIME_PERIOD="2000-11-09" OBS_VALUE="340.07" BBK_DIFF="0.0"/>
      <bbk:Obs TIME_PERIOD="2000-11-08" OBS_VALUE="340.04" BBK_DIFF="0.0"/>
      <bbk:Obs TIME_PERIOD="2000-11-07" OBS_VALUE="340.01" BBK_DIFF="0.0"/>
      <bbk:Obs TIME_PERIOD="2000-11-06" OBS_VALUE="340.0" BBK_DIFF="0.0"/>
      <bbk:Obs TIME_PERIOD="2000-11-05" BBK_OBS_STATUS="K"/>
      <bbk:Obs TIME_PERIOD="2000-11-04" BBK_OBS_STATUS="K"/>
      <bbk:Obs TIME_PERIOD="2000-11-03" OBS_VALUE="339.9" BBK_DIFF="0.0"/>
      <bbk:Obs TIME_PERIOD="2000-11-02" OBS_VALUE="339.81" BBK_DIFF="0.0"/>
      <bbk:Obs TIME_PERIOD="2000-11-01" OBS_VALUE="339.71" BBK_DIFF="0.0"/>
      <bbk:Obs TIME_PERIOD="2000-10-31" OBS_VALUE="339.65" BBK_DIFF="0.0"/>
      <bbk:Obs TIME_PERIOD="2000-10-30" OBS_VALUE="339.62" BBK_DIFF="0.0"/>
      <bbk:Obs TIME_PERIOD="2000-10-29" BBK_OBS_STATUS="K"/>
      <bbk:Obs TIME_PERIOD="2000-10-28" BBK_OBS_STATUS="K"/>
      <bbk:Obs TIME_PERIOD="2000-10-27" OBS_VALUE="339.58" BBK_DIFF="0.0"/>
      <bbk:Obs TIME_PERIOD="2000-10-26" OBS_VALUE="339.55" BBK_DIFF="0.0"/>
      <bbk:Obs TIME_PERIOD="2000-10-25" OBS_VALUE="339.49" BBK_DIFF="0.0"/>
      <bbk:Obs TIME_PERIOD="2000-10-24" OBS_VALUE="339.5" BBK_DIFF="0.0"/>
      <bbk:Obs TIME_PERIOD="2000-10-23" OBS_VALUE="339.55" BBK_DIFF="0.0"/>
      <bbk:Obs TIME_PERIOD="2000-10-22" BBK_OBS_STATUS="K"/>
      <bbk:Obs TIME_PERIOD="2000-10-21" BBK_OBS_STATUS="K"/>
      <bbk:Obs TIME_PERIOD="2000-10-20" OBS_VALUE="339.5" BBK_DIFF="0.0"/>
      <bbk:Obs TIME_PERIOD="2000-10-19" OBS_VALUE="339.46" BBK_DIFF="0.0"/>
      <bbk:Obs TIME_PERIOD="2000-10-18" OBS_VALUE="339.42" BBK_DIFF="0.0"/>
      <bbk:Obs TIME_PERIOD="2000-10-17" OBS_VALUE="339.35" BBK_DIFF="0.0"/>
      <bbk:Obs TIME_PERIOD="2000-10-16" OBS_VALUE="339.35" BBK_DIFF="0.0"/>
      <bbk:Obs TIME_PERIOD="2000-10-15" BBK_OBS_STATUS="K"/>
      <bbk:Obs TIME_PERIOD="2000-10-14" BBK_OBS_STATUS="K"/>
      <bbk:Obs TIME_PERIOD="2000-10-13" OBS_VALUE="339.44" BBK_DIFF="0.0"/>
      <bbk:Obs TIME_PERIOD="2000-10-12" OBS_VALUE="339.49" BBK_DIFF="0.0"/>
      <bbk:Obs TIME_PERIOD="2000-10-11" OBS_VALUE="339.44" BBK_DIFF="0.0"/>
      <bbk:Obs TIME_PERIOD="2000-10-10" OBS_VALUE="339.43" BBK_DIFF="0.0"/>
      <bbk:Obs TIME_PERIOD="2000-10-09" OBS_VALUE="339.42" BBK_DIFF="0.0"/>
      <bbk:Obs TIME_PERIOD="2000-10-08" BBK_OBS_STATUS="K"/>
      <bbk:Obs TIME_PERIOD="2000-10-07" BBK_OBS_STATUS="K"/>
      <bbk:Obs TIME_PERIOD="2000-10-06" OBS_VALUE="339.34" BBK_DIFF="0.0"/>
      <bbk:Obs TIME_PERIOD="2000-10-05" OBS_VALUE="339.38" BBK_DIFF="0.0"/>
      <bbk:Obs TIME_PERIOD="2000-10-04" OBS_VALUE="339.32" BBK_DIFF="0.0"/>
      <bbk:Obs TIME_PERIOD="2000-10-03" OBS_VALUE="339.37" BBK_DIFF="0.0"/>
      <bbk:Obs TIME_PERIOD="2000-10-02" OBS_VALUE="339.35" BBK_DIFF="0.0"/>
      <bbk:Obs TIME_PERIOD="2000-10-01" BBK_OBS_STATUS="K"/>
      <bbk:Obs TIME_PERIOD="2000-09-30" BBK_OBS_STATUS="K"/>
      <bbk:Obs TIME_PERIOD="2000-09-29" OBS_VALUE="339.3" BBK_DIFF="0.0"/>
      <bbk:Obs TIME_PERIOD="2000-09-28" OBS_VALUE="339.3" BBK_DIFF="0.0"/>
      <bbk:Obs TIME_PERIOD="2000-09-27" OBS_VALUE="339.25" BBK_DIFF="0.0"/>
      <bbk:Obs TIME_PERIOD="2000-09-26" OBS_VALUE="339.3" BBK_DIFF="0.0"/>
      <bbk:Obs TIME_PERIOD="2000-09-25" OBS_VALUE="339.25" BBK_DIFF="0.0"/>
      <bbk:Obs TIME_PERIOD="2000-09-24" BBK_OBS_STATUS="K"/>
      <bbk:Obs TIME_PERIOD="2000-09-23" BBK_OBS_STATUS="K"/>
      <bbk:Obs TIME_PERIOD="2000-09-22" OBS_VALUE="339.25" BBK_DIFF="0.0"/>
      <bbk:Obs TIME_PERIOD="2000-09-21" OBS_VALUE="339.1" BBK_DIFF="0.0"/>
      <bbk:Obs TIME_PERIOD="2000-09-20" OBS_VALUE="339.04" BBK_DIFF="0.0"/>
      <bbk:Obs TIME_PERIOD="2000-09-19" OBS_VALUE="338.98" BBK_DIFF="0.0"/>
      <bbk:Obs TIME_PERIOD="2000-09-18" OBS_VALUE="338.85" BBK_DIFF="0.1"/>
      <bbk:Obs TIME_PERIOD="2000-09-17" BBK_OBS_STATUS="K"/>
      <bbk:Obs TIME_PERIOD="2000-09-16" BBK_OBS_STATUS="K"/>
      <bbk:Obs TIME_PERIOD="2000-09-15" OBS_VALUE="338.65" BBK_DIFF="0.1"/>
      <bbk:Obs TIME_PERIOD="2000-09-14" OBS_VALUE="338.48" BBK_DIFF="0.0"/>
      <bbk:Obs TIME_PERIOD="2000-09-13" OBS_VALUE="338.35" BBK_DIFF="0.0"/>
      <bbk:Obs TIME_PERIOD="2000-09-12" OBS_VALUE="338.2" BBK_DIFF="0.0"/>
      <bbk:Obs TIME_PERIOD="2000-09-11" OBS_VALUE="338.23" BBK_DIFF="0.0"/>
      <bbk:Obs TIME_PERIOD="2000-09-10" BBK_OBS_STATUS="K"/>
      <bbk:Obs TIME_PERIOD="2000-09-09" BBK_OBS_STATUS="K"/>
      <bbk:Obs TIME_PERIOD="2000-09-08" OBS_VALUE="338.22" BBK_DIFF="0.0"/>
      <bbk:Obs TIME_PERIOD="2000-09-07" OBS_VALUE="338.15" BBK_DIFF="0.1"/>
      <bbk:Obs TIME_PERIOD="2000-09-06" OBS_VALUE="337.95" BBK_DIFF="0.1"/>
      <bbk:Obs TIME_PERIOD="2000-09-05" OBS_VALUE="337.64" BBK_DIFF="0.0"/>
      <bbk:Obs TIME_PERIOD="2000-09-04" OBS_VALUE="337.55" BBK_DIFF="0.0"/>
      <bbk:Obs TIME_PERIOD="2000-09-03" BBK_OBS_STATUS="K"/>
      <bbk:Obs TIME_PERIOD="2000-09-02" BBK_OBS_STATUS="K"/>
      <bbk:Obs TIME_PERIOD="2000-09-01" OBS_VALUE="337.55" BBK_DIFF="0.0"/>
      <bbk:Obs TIME_PERIOD="2000-08-31" OBS_VALUE="337.64" BBK_DIFF="0.0"/>
      <bbk:Obs TIME_PERIOD="2000-08-30" OBS_VALUE="337.6" BBK_DIFF="0.0"/>
      <bbk:Obs TIME_PERIOD="2000-08-29" OBS_VALUE="337.62" BBK_DIFF="0.0"/>
      <bbk:Obs TIME_PERIOD="2000-08-28" OBS_VALUE="337.57" BBK_DIFF="0.0"/>
      <bbk:Obs TIME_PERIOD="2000-08-27" BBK_OBS_STATUS="K"/>
      <bbk:Obs TIME_PERIOD="2000-08-26" BBK_OBS_STATUS="K"/>
      <bbk:Obs TIME_PERIOD="2000-08-25" OBS_VALUE="337.47" BBK_DIFF="0.0"/>
      <bbk:Obs TIME_PERIOD="2000-08-24" OBS_VALUE="337.45" BBK_DIFF="0.0"/>
      <bbk:Obs TIME_PERIOD="2000-08-23" OBS_VALUE="337.37" BBK_DIFF="0.0"/>
      <bbk:Obs TIME_PERIOD="2000-08-22" OBS_VALUE="337.4" BBK_DIFF="0.0"/>
      <bbk:Obs TIME_PERIOD="2000-08-21" OBS_VALUE="337.4" BBK_DIFF="0.0"/>
      <bbk:Obs TIME_PERIOD="2000-08-20" BBK_OBS_STATUS="K"/>
      <bbk:Obs TIME_PERIOD="2000-08-19" BBK_OBS_STATUS="K"/>
      <bbk:Obs TIME_PERIOD="2000-08-18" OBS_VALUE="337.28" BBK_DIFF="0.0"/>
      <bbk:Obs TIME_PERIOD="2000-08-17" OBS_VALUE="337.21" BBK_DIFF="0.0"/>
      <bbk:Obs TIME_PERIOD="2000-08-16" OBS_VALUE="337.08" BBK_DIFF="0.0"/>
      <bbk:Obs TIME_PERIOD="2000-08-15" OBS_VALUE="336.99" BBK_DIFF="0.0"/>
      <bbk:Obs TIME_PERIOD="2000-08-14" OBS_VALUE="337.08" BBK_DIFF="0.0"/>
      <bbk:Obs TIME_PERIOD="2000-08-13" BBK_OBS_STATUS="K"/>
      <bbk:Obs TIME_PERIOD="2000-08-12" BBK_OBS_STATUS="K"/>
      <bbk:Obs TIME_PERIOD="2000-08-11" OBS_VALUE="337.1" BBK_DIFF="0.0"/>
      <bbk:Obs TIME_PERIOD="2000-08-10" OBS_VALUE="337.07" BBK_DIFF="0.0"/>
      <bbk:Obs TIME_PERIOD="2000-08-09" OBS_VALUE="337.1" BBK_DIFF="0.0"/>
      <bbk:Obs TIME_PERIOD="2000-08-08" OBS_VALUE="337.07" BBK_DIFF="0.0"/>
      <bbk:Obs TIME_PERIOD="2000-08-07" OBS_VALUE="337.05" BBK_DIFF="0.0"/>
      <bbk:Obs TIME_PERIOD="2000-08-06" BBK_OBS_STATUS="K"/>
      <bbk:Obs TIME_PERIOD="2000-08-05" BBK_OBS_STATUS="K"/>
      <bbk:Obs TIME_PERIOD="2000-08-04" OBS_VALUE="337.05" BBK_DIFF="0.0"/>
      <bbk:Obs TIME_PERIOD="2000-08-03" OBS_VALUE="337.14" BBK_DIFF="0.0"/>
      <bbk:Obs TIME_PERIOD="2000-08-02" OBS_VALUE="337.2" BBK_DIFF="0.0"/>
      <bbk:Obs TIME_PERIOD="2000-08-01" OBS_VALUE="337.2" BBK_DIFF="0.0"/>
      <bbk:Obs TIME_PERIOD="2000-07-31" OBS_VALUE="337.3" BBK_DIFF="0.0"/>
      <bbk:Obs TIME_PERIOD="2000-07-30" BBK_OBS_STATUS="K"/>
      <bbk:Obs TIME_PERIOD="2000-07-29" BBK_OBS_STATUS="K"/>
      <bbk:Obs TIME_PERIOD="2000-07-28" OBS_VALUE="337.27" BBK_DIFF="0.0"/>
      <bbk:Obs TIME_PERIOD="2000-07-27" OBS_VALUE="337.25" BBK_DIFF="0.0"/>
      <bbk:Obs TIME_PERIOD="2000-07-26" OBS_VALUE="337.12" BBK_DIFF="0.0"/>
      <bbk:Obs TIME_PERIOD="2000-07-25" OBS_VALUE="337.18" BBK_DIFF="0.0"/>
      <bbk:Obs TIME_PERIOD="2000-07-24" OBS_VALUE="337.1" BBK_DIFF="0.0"/>
      <bbk:Obs TIME_PERIOD="2000-07-23" BBK_OBS_STATUS="K"/>
      <bbk:Obs TIME_PERIOD="2000-07-22" BBK_OBS_STATUS="K"/>
      <bbk:Obs TIME_PERIOD="2000-07-21" OBS_VALUE="336.99" BBK_DIFF="0.0"/>
      <bbk:Obs TIME_PERIOD="2000-07-20" OBS_VALUE="336.83" BBK_DIFF="0.1"/>
      <bbk:Obs TIME_PERIOD="2000-07-19" OBS_VALUE="336.57" BBK_DIFF="0.0"/>
      <bbk:Obs TIME_PERIOD="2000-07-18" OBS_VALUE="336.63" BBK_DIFF="0.0"/>
      <bbk:Obs TIME_PERIOD="2000-07-17" OBS_VALUE="336.6" BBK_DIFF="0.0"/>
      <bbk:Obs TIME_PERIOD="2000-07-16" BBK_OBS_STATUS="K"/>
      <bbk:Obs TIME_PERIOD="2000-07-15" BBK_OBS_STATUS="K"/>
      <bbk:Obs TIME_PERIOD="2000-07-14" OBS_VALUE="336.63" BBK_DIFF="0.0"/>
      <bbk:Obs TIME_PERIOD="2000-07-13" OBS_VALUE="336.75" BBK_DIFF="0.0"/>
      <bbk:Obs TIME_PERIOD="2000-07-12" OBS_VALUE="336.73" BBK_DIFF="0.0"/>
      <bbk:Obs TIME_PERIOD="2000-07-11" OBS_VALUE="336.78" BBK_DIFF="0.0"/>
      <bbk:Obs TIME_PERIOD="2000-07-10" OBS_VALUE="336.7" BBK_DIFF="0.0"/>
      <bbk:Obs TIME_PERIOD="2000-07-09" BBK_OBS_STATUS="K"/>
      <bbk:Obs TIME_PERIOD="2000-07-08" BBK_OBS_STATUS="K"/>
      <bbk:Obs TIME_PERIOD="2000-07-07" OBS_VALUE="336.79" BBK_DIFF="0.0"/>
      <bbk:Obs TIME_PERIOD="2000-07-06" OBS_VALUE="336.67" BBK_DIFF="0.0"/>
      <bbk:Obs TIME_PERIOD="2000-07-05" OBS_VALUE="336.7" BBK_DIFF="0.0"/>
      <bbk:Obs TIME_PERIOD="2000-07-04" OBS_VALUE="336.8" BBK_DIFF="0.0"/>
      <bbk:Obs TIME_PERIOD="2000-07-03" OBS_VALUE="336.75" BBK_DIFF="0.0"/>
      <bbk:Obs TIME_PERIOD="2000-07-02" BBK_OBS_STATUS="K"/>
      <bbk:Obs TIME_PERIOD="2000-07-01" BBK_OBS_STATUS="K"/>
      <bbk:Obs TIME_PERIOD="2000-06-30" OBS_VALUE="336.83" BBK_DIFF="0.0"/>
      <bbk:Obs TIME_PERIOD="2000-06-29" OBS_VALUE="336.75" BBK_DIFF="0.0"/>
      <bbk:Obs TIME_PERIOD="2000-06-28" OBS_VALUE="336.6" BBK_DIFF="0.0"/>
      <bbk:Obs TIME_PERIOD="2000-06-27" OBS_VALUE="336.6" BBK_DIFF="0.0"/>
      <bbk:Obs TIME_PERIOD="2000-06-26" OBS_VALUE="336.55" BBK_DIFF="0.0"/>
      <bbk:Obs TIME_PERIOD="2000-06-25" BBK_OBS_STATUS="K"/>
      <bbk:Obs TIME_PERIOD="2000-06-24" BBK_OBS_STATUS="K"/>
      <bbk:Obs TIME_PERIOD="2000-06-23" OBS_VALUE="336.48" BBK_DIFF="0.0"/>
      <bbk:Obs TIME_PERIOD="2000-06-22" OBS_VALUE="336.52" BBK_DIFF="0.0"/>
      <bbk:Obs TIME_PERIOD="2000-06-21" OBS_VALUE="336.55" BBK_DIFF="0.0"/>
      <bbk:Obs TIME_PERIOD="2000-06-20" OBS_VALUE="336.55" BBK_DIFF="0.0"/>
      <bbk:Obs TIME_PERIOD="2000-06-19" OBS_VALUE="336.6" BBK_DIFF="0.0"/>
      <bbk:Obs TIME_PERIOD="2000-06-18" BBK_OBS_STATUS="K"/>
      <bbk:Obs TIME_PERIOD="2000-06-17" BBK_OBS_STATUS="K"/>
      <bbk:Obs TIME_PERIOD="2000-06-16" OBS_VALUE="336.68" BBK_DIFF="0.0"/>
      <bbk:Obs TIME_PERIOD="2000-06-15" OBS_VALUE="336.65" BBK_DIFF="0.1"/>
      <bbk:Obs TIME_PERIOD="2000-06-14" OBS_VALUE="336.35" BBK_DIFF="0.0"/>
      <bbk:Obs TIME_PERIOD="2000-06-13" OBS_VALUE="336.4" BBK_DIFF="0.0"/>
      <bbk:Obs TIME_PERIOD="2000-06-12" OBS_VALUE="336.48" BBK_DIFF="-0.1"/>
      <bbk:Obs TIME_PERIOD="2000-06-11" BBK_OBS_STATUS="K"/>
      <bbk:Obs TIME_PERIOD="2000-06-10" BBK_OBS_STATUS="K"/>
      <bbk:Obs TIME_PERIOD="2000-06-09" OBS_VALUE="336.65" BBK_DIFF="0.0"/>
      <bbk:Obs TIME_PERIOD="2000-06-08" OBS_VALUE="336.5" BBK_DIFF="0.0"/>
      <bbk:Obs TIME_PERIOD="2000-06-07" OBS_VALUE="336.65" BBK_DIFF="0.0"/>
      <bbk:Obs TIME_PERIOD="2000-06-06" OBS_VALUE="336.8" BBK_DIFF="0.0"/>
      <bbk:Obs TIME_PERIOD="2000-06-05" OBS_VALUE="336.88" BBK_DIFF="0.0"/>
      <bbk:Obs TIME_PERIOD="2000-06-04" BBK_OBS_STATUS="K"/>
      <bbk:Obs TIME_PERIOD="2000-06-03" BBK_OBS_STATUS="K"/>
      <bbk:Obs TIME_PERIOD="2000-06-02" OBS_VALUE="337.0" BBK_DIFF="0.0"/>
      <bbk:Obs TIME_PERIOD="2000-06-01" OBS_VALUE="337.0" BBK_DIFF="0.0"/>
      <bbk:Obs TIME_PERIOD="2000-05-31" OBS_VALUE="336.95" BBK_DIFF="0.0"/>
      <bbk:Obs TIME_PERIOD="2000-05-30" OBS_VALUE="337.1" BBK_DIFF="0.0"/>
      <bbk:Obs TIME_PERIOD="2000-05-29" OBS_VALUE="337.15" BBK_DIFF="0.0"/>
      <bbk:Obs TIME_PERIOD="2000-05-28" BBK_OBS_STATUS="K"/>
      <bbk:Obs TIME_PERIOD="2000-05-27" BBK_OBS_STATUS="K"/>
      <bbk:Obs TIME_PERIOD="2000-05-26" OBS_VALUE="337.08" BBK_DIFF="0.0"/>
      <bbk:Obs TIME_PERIOD="2000-05-25" OBS_VALUE="337.0" BBK_DIFF="0.0"/>
      <bbk:Obs TIME_PERIOD="2000-05-24" OBS_VALUE="336.97" BBK_DIFF="0.0"/>
      <bbk:Obs TIME_PERIOD="2000-05-23" OBS_VALUE="337.0" BBK_DIFF="0.0"/>
      <bbk:Obs TIME_PERIOD="2000-05-22" OBS_VALUE="336.88" BBK_DIFF="0.0"/>
      <bbk:Obs TIME_PERIOD="2000-05-21" BBK_OBS_STATUS="K"/>
      <bbk:Obs TIME_PERIOD="2000-05-20" BBK_OBS_STATUS="K"/>
      <bbk:Obs TIME_PERIOD="2000-05-19" OBS_VALUE="336.8" BBK_DIFF="0.0"/>
      <bbk:Obs TIME_PERIOD="2000-05-18" OBS_VALUE="336.7" BBK_DIFF="0.0"/>
      <bbk:Obs TIME_PERIOD="2000-05-17" OBS_VALUE="336.6" BBK_DIFF="0.0"/>
      <bbk:Obs TIME_PERIOD="2000-05-16" OBS_VALUE="336.5" BBK_DIFF="0.0"/>
      <bbk:Obs TIME_PERIOD="2000-05-15" OBS_VALUE="336.45" BBK_DIFF="0.0"/>
      <bbk:Obs TIME_PERIOD="2000-05-14" BBK_OBS_STATUS="K"/>
      <bbk:Obs TIME_PERIOD="2000-05-13" BBK_OBS_STATUS="K"/>
      <bbk:Obs TIME_PERIOD="2000-05-12" OBS_VALUE="336.43" BBK_DIFF="0.0"/>
      <bbk:Obs TIME_PERIOD="2000-05-11" OBS_VALUE="336.34" BBK_DIFF="0.0"/>
      <bbk:Obs TIME_PERIOD="2000-05-10" OBS_VALUE="336.28" BBK_DIFF="0.0"/>
      <bbk:Obs TIME_PERIOD="2000-05-09" OBS_VALUE="336.17" BBK_DIFF="0.0"/>
      <bbk:Obs TIME_PERIOD="2000-05-08" OBS_VALUE="336.12" BBK_DIFF="0.0"/>
      <bbk:Obs TIME_PERIOD="2000-05-07" BBK_OBS_STATUS="K"/>
      <bbk:Obs TIME_PERIOD="2000-05-06" BBK_OBS_STATUS="K"/>
      <bbk:Obs TIME_PERIOD="2000-05-05" OBS_VALUE="336.2" BBK_DIFF="0.0"/>
      <bbk:Obs TIME_PERIOD="2000-05-04" OBS_VALUE="336.2" BBK_DIFF="0.1"/>
      <bbk:Obs TIME_PERIOD="2000-05-03" OBS_VALUE="336.0" BBK_DIFF="-0.1"/>
      <bbk:Obs TIME_PERIOD="2000-05-02" OBS_VALUE="336.28" BBK_DIFF="0.0"/>
      <bbk:Obs TIME_PERIOD="2000-05-01" BBK_OBS_STATUS="K"/>
      <bbk:Obs TIME_PERIOD="2000-04-30" BBK_OBS_STATUS="K"/>
      <bbk:Obs TIME_PERIOD="2000-04-29" BBK_OBS_STATUS="K"/>
      <bbk:Obs TIME_PERIOD="2000-04-28" OBS_VALUE="336.2" BBK_DIFF="0.0"/>
      <bbk:Obs TIME_PERIOD="2000-04-27" OBS_VALUE="336.13" BBK_DIFF="0.0"/>
      <bbk:Obs TIME_PERIOD="2000-04-26" OBS_VALUE="336.06" BBK_DIFF="0.1"/>
      <bbk:Obs TIME_PERIOD="2000-04-25" OBS_VALUE="335.68" BBK_DIFF="0.1"/>
      <bbk:Obs TIME_PERIOD="2000-04-24" BBK_OBS_STATUS="K"/>
      <bbk:Obs TIME_PERIOD="2000-04-23" BBK_OBS_STATUS="K"/>
      <bbk:Obs TIME_PERIOD="2000-04-22" BBK_OBS_STATUS="K"/>
      <bbk:Obs TIME_PERIOD="2000-04-21" BBK_OBS_STATUS="K"/>
      <bbk:Obs TIME_PERIOD="2000-04-20" OBS_VALUE="335.4" BBK_DIFF="0.0"/>
      <bbk:Obs TIME_PERIOD="2000-04-19" OBS_VALUE="335.38" BBK_DIFF="0.0"/>
      <bbk:Obs TIME_PERIOD="2000-04-18" OBS_VALUE="335.3" BBK_DIFF="0.0"/>
      <bbk:Obs TIME_PERIOD="2000-04-17" OBS_VALUE="335.3" BBK_DIFF="0.1"/>
      <bbk:Obs TIME_PERIOD="2000-04-16" BBK_OBS_STATUS="K"/>
      <bbk:Obs TIME_PERIOD="2000-04-15" BBK_OBS_STATUS="K"/>
      <bbk:Obs TIME_PERIOD="2000-04-14" OBS_VALUE="335.02" BBK_DIFF="0.0"/>
      <bbk:Obs TIME_PERIOD="2000-04-13" OBS_VALUE="335.0" BBK_DIFF="0.0"/>
      <bbk:Obs TIME_PERIOD="2000-04-12" OBS_VALUE="334.9" BBK_DIFF="0.0"/>
      <bbk:Obs TIME_PERIOD="2000-04-11" OBS_VALUE="334.85" BBK_DIFF="0.1"/>
      <bbk:Obs TIME_PERIOD="2000-04-10" OBS_VALUE="334.65" BBK_DIFF="-0.1"/>
      <bbk:Obs TIME_PERIOD="2000-04-09" BBK_OBS_STATUS="K"/>
      <bbk:Obs TIME_PERIOD="2000-04-08" BBK_OBS_STATUS="K"/>
      <bbk:Obs TIME_PERIOD="2000-04-07" OBS_VALUE="334.84" BBK_DIFF="0.0"/>
      <bbk:Obs TIME_PERIOD="2000-04-06" OBS_VALUE="334.85" BBK_DIFF="0.0"/>
      <bbk:Obs TIME_PERIOD="2000-04-05" OBS_VALUE="334.82" BBK_DIFF="0.0"/>
      <bbk:Obs TIME_PERIOD="2000-04-04" OBS_VALUE="334.85" BBK_DIFF="0.0"/>
      <bbk:Obs TIME_PERIOD="2000-04-03" OBS_VALUE="334.75" BBK_DIFF="0.0"/>
      <bbk:Obs TIME_PERIOD="2000-04-02" BBK_OBS_STATUS="K"/>
      <bbk:Obs TIME_PERIOD="2000-04-01" BBK_OBS_STATUS="K"/>
      <bbk:Obs TIME_PERIOD="2000-03-31" OBS_VALUE="334.7" BBK_DIFF="0.1"/>
      <bbk:Obs TIME_PERIOD="2000-03-30" OBS_VALUE="334.45" BBK_DIFF="0.0"/>
      <bbk:Obs TIME_PERIOD="2000-03-29" OBS_VALUE="334.48" BBK_DIFF="0.0"/>
      <bbk:Obs TIME_PERIOD="2000-03-28" OBS_VALUE="334.35" BBK_DIFF="0.0"/>
      <bbk:Obs TIME_PERIOD="2000-03-27" OBS_VALUE="334.25" BBK_DIFF="0.0"/>
      <bbk:Obs TIME_PERIOD="2000-03-26" BBK_OBS_STATUS="K"/>
      <bbk:Obs TIME_PERIOD="2000-03-25" BBK_OBS_STATUS="K"/>
      <bbk:Obs TIME_PERIOD="2000-03-24" OBS_VALUE="334.2" BBK_DIFF="0.0"/>
      <bbk:Obs TIME_PERIOD="2000-03-23" OBS_VALUE="334.2" BBK_DIFF="0.1"/>
      <bbk:Obs TIME_PERIOD="2000-03-22" OBS_VALUE="333.95" BBK_DIFF="0.0"/>
      <bbk:Obs TIME_PERIOD="2000-03-21" OBS_VALUE="333.9" BBK_DIFF="0.0"/>
      <bbk:Obs TIME_PERIOD="2000-03-20" OBS_VALUE="333.88" BBK_DIFF="0.1"/>
      <bbk:Obs TIME_PERIOD="2000-03-19" BBK_OBS_STATUS="K"/>
      <bbk:Obs TIME_PERIOD="2000-03-18" BBK_OBS_STATUS="K"/>
      <bbk:Obs TIME_PERIOD="2000-03-17" OBS_VALUE="333.7" BBK_DIFF="0.0"/>
      <bbk:Obs TIME_PERIOD="2000-03-16" OBS_VALUE="333.65" BBK_DIFF="0.0"/>
      <bbk:Obs TIME_PERIOD="2000-03-15" OBS_VALUE="333.55" BBK_DIFF="0.0"/>
      <bbk:Obs TIME_PERIOD="2000-03-14" OBS_VALUE="333.58" BBK_DIFF="0.0"/>
      <bbk:Obs TIME_PERIOD="2000-03-13" OBS_VALUE="333.6" BBK_DIFF="0.0"/>
      <bbk:Obs TIME_PERIOD="2000-03-12" BBK_OBS_STATUS="K"/>
      <bbk:Obs TIME_PERIOD="2000-03-11" BBK_OBS_STATUS="K"/>
      <bbk:Obs TIME_PERIOD="2000-03-10" OBS_VALUE="333.7" BBK_DIFF="0.0"/>
      <bbk:Obs TIME_PERIOD="2000-03-09" OBS_VALUE="333.55" BBK_DIFF="0.0"/>
      <bbk:Obs TIME_PERIOD="2000-03-08" OBS_VALUE="333.55" BBK_DIFF="0.0"/>
      <bbk:Obs TIME_PERIOD="2000-03-07" OBS_VALUE="333.55" BBK_DIFF="0.0"/>
      <bbk:Obs TIME_PERIOD="2000-03-06" OBS_VALUE="333.65" BBK_DIFF="0.0"/>
      <bbk:Obs TIME_PERIOD="2000-03-05" BBK_OBS_STATUS="K"/>
      <bbk:Obs TIME_PERIOD="2000-03-04" BBK_OBS_STATUS="K"/>
      <bbk:Obs TIME_PERIOD="2000-03-03" OBS_VALUE="333.65" BBK_DIFF="0.0"/>
      <bbk:Obs TIME_PERIOD="2000-03-02" OBS_VALUE="333.65" BBK_DIFF="0.0"/>
      <bbk:Obs TIME_PERIOD="2000-03-01" OBS_VALUE="333.68" BBK_DIFF="-0.1"/>
      <bbk:Obs TIME_PERIOD="2000-02-29" OBS_VALUE="333.9" BBK_DIFF="0.0"/>
      <bbk:Obs TIME_PERIOD="2000-02-28" OBS_VALUE="334.05" BBK_DIFF="0.0"/>
      <bbk:Obs TIME_PERIOD="2000-02-27" BBK_OBS_STATUS="K"/>
      <bbk:Obs TIME_PERIOD="2000-02-26" BBK_OBS_STATUS="K"/>
      <bbk:Obs TIME_PERIOD="2000-02-25" OBS_VALUE="334.05" BBK_DIFF="0.1"/>
      <bbk:Obs TIME_PERIOD="2000-02-24" OBS_VALUE="333.85" BBK_DIFF="0.0"/>
      <bbk:Obs TIME_PERIOD="2000-02-23" OBS_VALUE="333.93" BBK_DIFF="0.0"/>
      <bbk:Obs TIME_PERIOD="2000-02-22" OBS_VALUE="333.84" BBK_DIFF="0.1"/>
      <bbk:Obs TIME_PERIOD="2000-02-21" OBS_VALUE="333.65" BBK_DIFF="0.1"/>
      <bbk:Obs TIME_PERIOD="2000-02-20" BBK_OBS_STATUS="K"/>
      <bbk:Obs TIME_PERIOD="2000-02-19" BBK_OBS_STATUS="K"/>
      <bbk:Obs TIME_PERIOD="2000-02-18" OBS_VALUE="333.48" BBK_DIFF="0.0"/>
      <bbk:Obs TIME_PERIOD="2000-02-17" OBS_VALUE="333.55" BBK_DIFF="0.1"/>
      <bbk:Obs TIME_PERIOD="2000-02-16" OBS_VALUE="333.25" BBK_DIFF="0.0"/>
      <bbk:Obs TIME_PERIOD="2000-02-15" OBS_VALUE="333.18" BBK_DIFF="0.0"/>
      <bbk:Obs TIME_PERIOD="2000-02-14" OBS_VALUE="333.1" BBK_DIFF="0.0"/>
      <bbk:Obs TIME_PERIOD="2000-02-13" BBK_OBS_STATUS="K"/>
      <bbk:Obs TIME_PERIOD="2000-02-12" BBK_OBS_STATUS="K"/>
      <bbk:Obs TIME_PERIOD="2000-02-11" OBS_VALUE="332.95" BBK_DIFF="0.0"/>
      <bbk:Obs TIME_PERIOD="2000-02-10" OBS_VALUE="332.8" BBK_DIFF="0.0"/>
      <bbk:Obs TIME_PERIOD="2000-02-09" OBS_VALUE="332.8" BBK_DIFF="0.0"/>
      <bbk:Obs TIME_PERIOD="2000-02-08" OBS_VALUE="332.8" BBK_DIFF="0.1"/>
      <bbk:Obs TIME_PERIOD="2000-02-07" OBS_VALUE="332.6" BBK_DIFF="0.0"/>
      <bbk:Obs TIME_PERIOD="2000-02-06" BBK_OBS_STATUS="K"/>
      <bbk:Obs TIME_PERIOD="2000-02-05" BBK_OBS_STATUS="K"/>
      <bbk:Obs TIME_PERIOD="2000-02-04" OBS_VALUE="332.65" BBK_DIFF="0.1"/>
      <bbk:Obs TIME_PERIOD="2000-02-03" OBS_VALUE="332.3" BBK_DIFF="0.1"/>
      <bbk:Obs TIME_PERIOD="2000-02-02" OBS_VALUE="332.07" BBK_DIFF="0.0"/>
      <bbk:Obs TIME_PERIOD="2000-02-01" OBS_VALUE="332.0" BBK_DIFF="0.0"/>
      <bbk:Obs TIME_PERIOD="2000-01-31" OBS_VALUE="331.95" BBK_DIFF="0.0"/>
      <bbk:Obs TIME_PERIOD="2000-01-30" BBK_OBS_STATUS="K"/>
      <bbk:Obs TIME_PERIOD="2000-01-29" BBK_OBS_STATUS="K"/>
      <bbk:Obs TIME_PERIOD="2000-01-28" OBS_VALUE="331.8" BBK_DIFF="0.1"/>
      <bbk:Obs TIME_PERIOD="2000-01-27" OBS_VALUE="331.55" BBK_DIFF="0.0"/>
      <bbk:Obs TIME_PERIOD="2000-01-26" OBS_VALUE="331.5" BBK_DIFF="0.0"/>
      <bbk:Obs TIME_PERIOD="2000-01-25" OBS_VALUE="331.6" BBK_DIFF="0.0"/>
      <bbk:Obs TIME_PERIOD="2000-01-24" OBS_VALUE="331.45" BBK_DIFF="0.1"/>
      <bbk:Obs TIME_PERIOD="2000-01-23" BBK_OBS_STATUS="K"/>
      <bbk:Obs TIME_PERIOD="2000-01-22" BBK_OBS_STATUS="K"/>
      <bbk:Obs TIME_PERIOD="2000-01-21" OBS_VALUE="331.28" BBK_DIFF="0.1"/>
      <bbk:Obs TIME_PERIOD="2000-01-20" OBS_VALUE="330.98" BBK_DIFF="0.1"/>
      <bbk:Obs TIME_PERIOD="2000-01-19" OBS_VALUE="330.7" BBK_DIFF="0.0"/>
      <bbk:Obs TIME_PERIOD="2000-01-18" OBS_VALUE="330.7" BBK_DIFF="-0.1"/>
      <bbk:Obs TIME_PERIOD="2000-01-17" OBS_VALUE="330.88" BBK_DIFF="-0.3"/>
      <bbk:Obs TIME_PERIOD="2000-01-16" BBK_OBS_STATUS="K"/>
      <bbk:Obs TIME_PERIOD="2000-01-15" BBK_OBS_STATUS="K"/>
      <bbk:Obs TIME_PERIOD="2000-01-14" OBS_VALUE="331.75" BBK_DIFF="0.2"/>
      <bbk:Obs TIME_PERIOD="2000-01-13" OBS_VALUE="331.05" BBK_DIFF="0.1"/>
      <bbk:Obs TIME_PERIOD="2000-01-12" OBS_VALUE="330.8" BBK_DIFF="0.0"/>
      <bbk:Obs TIME_PERIOD="2000-01-11" OBS_VALUE="330.9" BBK_DIFF="0.1"/>
      <bbk:Obs TIME_PERIOD="2000-01-10" OBS_VALUE="330.65" BBK_DIFF="0.0"/>
      <bbk:Obs TIME_PERIOD="2000-01-09" BBK_OBS_STATUS="K"/>
      <bbk:Obs TIME_PERIOD="2000-01-08" BBK_OBS_STATUS="K"/>
      <bbk:Obs TIME_PERIOD="2000-01-07" OBS_VALUE="330.65" BBK_DIFF="-0.1"/>
      <bbk:Obs TIME_PERIOD="2000-01-06" OBS_VALUE="331.05" BBK_DIFF="0.0"/>
      <bbk:Obs TIME_PERIOD="2000-01-05" OBS_VALUE="330.96" BBK_DIFF="0.2"/>
      <bbk:Obs TIME_PERIOD="2000-01-04" OBS_VALUE="330.4" BBK_DIFF="0.2"/>
      <bbk:Obs TIME_PERIOD="2000-01-03" OBS_VALUE="329.85" BBK_DIFF="-0.1"/>
      <bbk:Obs TIME_PERIOD="2000-01-02" BBK_OBS_STATUS="K"/>
      <bbk:Obs TIME_PERIOD="2000-01-01" BBK_OBS_STATUS="K"/>
      <bbk:Obs TIME_PERIOD="1999-12-31" BBK_OBS_STATUS="K"/>
      <bbk:Obs TIME_PERIOD="1999-12-30" OBS_VALUE="330.3" BBK_DIFF="0.0"/>
      <bbk:Obs TIME_PERIOD="1999-12-29" OBS_VALUE="330.25" BBK_DIFF="0.1"/>
      <bbk:Obs TIME_PERIOD="1999-12-28" OBS_VALUE="329.82" BBK_DIFF="-0.2"/>
      <bbk:Obs TIME_PERIOD="1999-12-27" OBS_VALUE="330.57" BBK_DIFF="0.0"/>
      <bbk:Obs TIME_PERIOD="1999-12-26" BBK_OBS_STATUS="K"/>
      <bbk:Obs TIME_PERIOD="1999-12-25" BBK_OBS_STATUS="K"/>
      <bbk:Obs TIME_PERIOD="1999-12-24" OBS_VALUE="330.68" BBK_DIFF="0.0"/>
      <bbk:Obs TIME_PERIOD="1999-12-23" OBS_VALUE="330.6" BBK_DIFF="0.1"/>
      <bbk:Obs TIME_PERIOD="1999-12-22" OBS_VALUE="330.2" BBK_DIFF="-0.1"/>
      <bbk:Obs TIME_PERIOD="1999-12-21" OBS_VALUE="330.55" BBK_DIFF="0.0"/>
      <bbk:Obs TIME_PERIOD="1999-12-20" OBS_VALUE="330.5" BBK_DIFF="0.1"/>
      <bbk:Obs TIME_PERIOD="1999-12-19" BBK_OBS_STATUS="K"/>
      <bbk:Obs TIME_PERIOD="1999-12-18" BBK_OBS_STATUS="K"/>
      <bbk:Obs TIME_PERIOD="1999-12-17" OBS_VALUE="330.3" BBK_DIFF="0.0"/>
      <bbk:Obs TIME_PERIOD="1999-12-16" OBS_VALUE="330.2" BBK_DIFF="0.0"/>
      <bbk:Obs TIME_PERIOD="1999-12-15" OBS_VALUE="330.15" BBK_DIFF="0.1"/>
      <bbk:Obs TIME_PERIOD="1999-12-14" OBS_VALUE="329.85" BBK_DIFF="0.1"/>
      <bbk:Obs TIME_PERIOD="1999-12-13" OBS_VALUE="329.63" BBK_DIFF="0.2"/>
      <bbk:Obs TIME_PERIOD="1999-12-12" BBK_OBS_STATUS="K"/>
      <bbk:Obs TIME_PERIOD="1999-12-11" BBK_OBS_STATUS="K"/>
      <bbk:Obs TIME_PERIOD="1999-12-10" OBS_VALUE="329.12" BBK_DIFF="0.1"/>
      <bbk:Obs TIME_PERIOD="1999-12-09" OBS_VALUE="328.85" BBK_DIFF="0.1"/>
      <bbk:Obs TIME_PERIOD="1999-12-08" OBS_VALUE="328.5" BBK_DIFF="0.0"/>
      <bbk:Obs TIME_PERIOD="1999-12-07" OBS_VALUE="328.45" BBK_DIFF="0.0"/>
      <bbk:Obs TIME_PERIOD="1999-12-06" OBS_VALUE="328.5" BBK_DIFF="-0.1"/>
      <bbk:Obs TIME_PERIOD="1999-12-05" BBK_OBS_STATUS="K"/>
      <bbk:Obs TIME_PERIOD="1999-12-04" BBK_OBS_STATUS="K"/>
      <bbk:Obs TIME_PERIOD="1999-12-03" OBS_VALUE="328.75" BBK_DIFF="0.1"/>
      <bbk:Obs TIME_PERIOD="1999-12-02" OBS_VALUE="328.55" BBK_DIFF="0.0"/>
      <bbk:Obs TIME_PERIOD="1999-12-01" OBS_VALUE="328.55" BBK_DIFF="-0.1"/>
      <bbk:Obs TIME_PERIOD="1999-11-30" OBS_VALUE="328.75" BBK_DIFF="0.0"/>
      <bbk:Obs TIME_PERIOD="1999-11-29" OBS_VALUE="328.6" BBK_DIFF="-0.1"/>
      <bbk:Obs TIME_PERIOD="1999-11-28" BBK_OBS_STATUS="K"/>
      <bbk:Obs TIME_PERIOD="1999-11-27" BBK_OBS_STATUS="K"/>
      <bbk:Obs TIME_PERIOD="1999-11-26" OBS_VALUE="328.9" BBK_DIFF="0.1"/>
      <bbk:Obs TIME_PERIOD="1999-11-25" OBS_VALUE="328.65" BBK_DIFF="0.0"/>
      <bbk:Obs TIME_PERIOD="1999-11-24" OBS_VALUE="328.65" BBK_DIFF="0.0"/>
      <bbk:Obs TIME_PERIOD="1999-11-23" OBS_VALUE="328.75" BBK_DIFF="-0.1"/>
      <bbk:Obs TIME_PERIOD="1999-11-22" OBS_VALUE="328.95" BBK_DIFF="0.0"/>
      <bbk:Obs TIME_PERIOD="1999-11-21" BBK_OBS_STATUS="K"/>
      <bbk:Obs TIME_PERIOD="1999-11-20" BBK_OBS_STATUS="K"/>
      <bbk:Obs TIME_PERIOD="1999-11-19" OBS_VALUE="328.8" BBK_DIFF="0.0"/>
      <bbk:Obs TIME_PERIOD="1999-11-18" OBS_VALUE="328.9" BBK_DIFF="0.0"/>
      <bbk:Obs TIME_PERIOD="1999-11-17" OBS_VALUE="328.9" BBK_DIFF="0.1"/>
      <bbk:Obs TIME_PERIOD="1999-11-16" OBS_VALUE="328.7" BBK_DIFF="0.1"/>
      <bbk:Obs TIME_PERIOD="1999-11-15" OBS_VALUE="328.5" BBK_DIFF="0.1"/>
      <bbk:Obs TIME_PERIOD="1999-11-14" BBK_OBS_STATUS="K"/>
      <bbk:Obs TIME_PERIOD="1999-11-13" BBK_OBS_STATUS="K"/>
      <bbk:Obs TIME_PERIOD="1999-11-12" OBS_VALUE="328.3" BBK_DIFF="0.0"/>
      <bbk:Obs TIME_PERIOD="1999-11-11" OBS_VALUE="328.4" BBK_DIFF="0.0"/>
      <bbk:Obs TIME_PERIOD="1999-11-10" OBS_VALUE="328.5" BBK_DIFF="-0.2"/>
      <bbk:Obs TIME_PERIOD="1999-11-09" OBS_VALUE="329.2" BBK_DIFF="0.3"/>
      <bbk:Obs TIME_PERIOD="1999-11-08" OBS_VALUE="328.25" BBK_DIFF="0.0"/>
      <bbk:Obs TIME_PERIOD="1999-11-07" BBK_OBS_STATUS="K"/>
      <bbk:Obs TIME_PERIOD="1999-11-06" BBK_OBS_STATUS="K"/>
      <bbk:Obs TIME_PERIOD="1999-11-05" OBS_VALUE="328.38" BBK_DIFF="-0.1"/>
      <bbk:Obs TIME_PERIOD="1999-11-04" OBS_VALUE="328.58" BBK_DIFF="-0.1"/>
      <bbk:Obs TIME_PERIOD="1999-11-03" OBS_VALUE="328.8" BBK_DIFF="-0.1"/>
      <bbk:Obs TIME_PERIOD="1999-11-02" OBS_VALUE="329.05" BBK_DIFF="-0.1"/>
      <bbk:Obs TIME_PERIOD="1999-11-01" OBS_VALUE="329.3" BBK_DIFF="-0.2"/>
      <bbk:Obs TIME_PERIOD="1999-10-31" BBK_OBS_STATUS="K"/>
      <bbk:Obs TIME_PERIOD="1999-10-30" BBK_OBS_STATUS="K"/>
      <bbk:Obs TIME_PERIOD="1999-10-29" OBS_VALUE="330.06" BBK_DIFF="-0.1"/>
      <bbk:Obs TIME_PERIOD="1999-10-28" OBS_VALUE="330.33" BBK_DIFF="0.1"/>
      <bbk:Obs TIME_PERIOD="1999-10-27" OBS_VALUE="330.05" BBK_DIFF="0.0"/>
      <bbk:Obs TIME_PERIOD="1999-10-26" OBS_VALUE="329.98" BBK_DIFF="0.0"/>
      <bbk:Obs TIME_PERIOD="1999-10-25" OBS_VALUE="329.85" BBK_DIFF="0.0"/>
      <bbk:Obs TIME_PERIOD="1999-10-24" BBK_OBS_STATUS="K"/>
      <bbk:Obs TIME_PERIOD="1999-10-23" BBK_OBS_STATUS="K"/>
      <bbk:Obs TIME_PERIOD="1999-10-22" OBS_VALUE="329.95" BBK_DIFF="0.0"/>
      <bbk:Obs TIME_PERIOD="1999-10-21" OBS_VALUE="329.88" BBK_DIFF="0.1"/>
      <bbk:Obs TIME_PERIOD="1999-10-20" OBS_VALUE="329.4" BBK_DIFF="0.0"/>
      <bbk:Obs TIME_PERIOD="1999-10-19" OBS_VALUE="329.28" BBK_DIFF="0.0"/>
      <bbk:Obs TIME_PERIOD="1999-10-18" OBS_VALUE="329.25" BBK_DIFF="0.0"/>
      <bbk:Obs TIME_PERIOD="1999-10-17" BBK_OBS_STATUS="K"/>
      <bbk:Obs TIME_PERIOD="1999-10-16" BBK_OBS_STATUS="K"/>
      <bbk:Obs TIME_PERIOD="1999-10-15" OBS_VALUE="329.15" BBK_DIFF="0.1"/>
      <bbk:Obs TIME_PERIOD="1999-10-14" OBS_VALUE="328.95" BBK_DIFF="0.0"/>
      <bbk:Obs TIME_PERIOD="1999-10-13" OBS_VALUE="328.8" BBK_DIFF="0.1"/>
      <bbk:Obs TIME_PERIOD="1999-10-12" OBS_VALUE="328.55" BBK_DIFF="0.1"/>
      <bbk:Obs TIME_PERIOD="1999-10-11" OBS_VALUE="328.3" BBK_DIFF="0.0"/>
      <bbk:Obs TIME_PERIOD="1999-10-10" BBK_OBS_STATUS="K"/>
      <bbk:Obs TIME_PERIOD="1999-10-09" BBK_OBS_STATUS="K"/>
      <bbk:Obs TIME_PERIOD="1999-10-08" OBS_VALUE="328.36" BBK_DIFF="-0.1"/>
      <bbk:Obs TIME_PERIOD="1999-10-07" OBS_VALUE="328.7" BBK_DIFF="0.1"/>
      <bbk:Obs TIME_PERIOD="1999-10-06" OBS_VALUE="328.45" BBK_DIFF="0.0"/>
      <bbk:Obs TIME_PERIOD="1999-10-05" OBS_VALUE="328.55" BBK_DIFF="-0.1"/>
      <bbk:Obs TIME_PERIOD="1999-10-04" OBS_VALUE="328.75" BBK_DIFF="0.0"/>
      <bbk:Obs TIME_PERIOD="1999-10-03" BBK_OBS_STATUS="K"/>
      <bbk:Obs TIME_PERIOD="1999-10-02" BBK_OBS_STATUS="K"/>
      <bbk:Obs TIME_PERIOD="1999-10-01" OBS_VALUE="328.65" BBK_DIFF="0.0"/>
      <bbk:Obs TIME_PERIOD="1999-09-30" OBS_VALUE="328.7" BBK_DIFF="0.1"/>
      <bbk:Obs TIME_PERIOD="1999-09-29" OBS_VALUE="328.45" BBK_DIFF="0.1"/>
      <bbk:Obs TIME_PERIOD="1999-09-28" OBS_VALUE="328.1" BBK_DIFF="0.0"/>
      <bbk:Obs TIME_PERIOD="1999-09-27" OBS_VALUE="328.0" BBK_DIFF="0.1"/>
      <bbk:Obs TIME_PERIOD="1999-09-26" BBK_OBS_STATUS="K"/>
      <bbk:Obs TIME_PERIOD="1999-09-25" BBK_OBS_STATUS="K"/>
      <bbk:Obs TIME_PERIOD="1999-09-24" OBS_VALUE="327.67" BBK_DIFF="0.2"/>
      <bbk:Obs TIME_PERIOD="1999-09-23" OBS_VALUE="327.15" BBK_DIFF="0.0"/>
      <bbk:Obs TIME_PERIOD="1999-09-22" OBS_VALUE="327.0" BBK_DIFF="0.0"/>
      <bbk:Obs TIME_PERIOD="1999-09-21" OBS_VALUE="327.1" BBK_DIFF="0.2"/>
      <bbk:Obs TIME_PERIOD="1999-09-20" OBS_VALUE="326.55" BBK_DIFF="0.0"/>
      <bbk:Obs TIME_PERIOD="1999-09-19" BBK_OBS_STATUS="K"/>
      <bbk:Obs TIME_PERIOD="1999-09-18" BBK_OBS_STATUS="K"/>
      <bbk:Obs TIME_PERIOD="1999-09-17" OBS_VALUE="326.4" BBK_DIFF="0.0"/>
      <bbk:Obs TIME_PERIOD="1999-09-16" OBS_VALUE="326.4" BBK_DIFF="0.0"/>
      <bbk:Obs TIME_PERIOD="1999-09-15" OBS_VALUE="326.25" BBK_DIFF="-0.1"/>
      <bbk:Obs TIME_PERIOD="1999-09-14" OBS_VALUE="326.45" BBK_DIFF="0.0"/>
      <bbk:Obs TIME_PERIOD="1999-09-13" OBS_VALUE="326.55" BBK_DIFF="0.0"/>
      <bbk:Obs TIME_PERIOD="1999-09-12" BBK_OBS_STATUS="K"/>
      <bbk:Obs TIME_PERIOD="1999-09-11" BBK_OBS_STATUS="K"/>
      <bbk:Obs TIME_PERIOD="1999-09-10" OBS_VALUE="326.65" BBK_DIFF="-0.1"/>
      <bbk:Obs TIME_PERIOD="1999-09-09" OBS_VALUE="326.92" BBK_DIFF="0.0"/>
      <bbk:Obs TIME_PERIOD="1999-09-08" OBS_VALUE="326.97" BBK_DIFF="0.0"/>
      <bbk:Obs TIME_PERIOD="1999-09-07" OBS_VALUE="326.87" BBK_DIFF="0.0"/>
      <bbk:Obs TIME_PERIOD="1999-09-06" OBS_VALUE="326.8" BBK_DIFF="0.1"/>
      <bbk:Obs TIME_PERIOD="1999-09-05" BBK_OBS_STATUS="K"/>
      <bbk:Obs TIME_PERIOD="1999-09-04" BBK_OBS_STATUS="K"/>
      <bbk:Obs TIME_PERIOD="1999-09-03" OBS_VALUE="326.45" BBK_DIFF="0.0"/>
      <bbk:Obs TIME_PERIOD="1999-09-02" OBS_VALUE="326.3" BBK_DIFF="0.0"/>
      <bbk:Obs TIME_PERIOD="1999-09-01" OBS_VALUE="326.3" BBK_DIFF="0.0"/>
      <bbk:Obs TIME_PERIOD="1999-08-31" OBS_VALUE="326.35" BBK_DIFF="0.0"/>
      <bbk:Obs TIME_PERIOD="1999-08-30" OBS_VALUE="326.4" BBK_DIFF="0.0"/>
      <bbk:Obs TIME_PERIOD="1999-08-29" BBK_OBS_STATUS="K"/>
      <bbk:Obs TIME_PERIOD="1999-08-28" BBK_OBS_STATUS="K"/>
      <bbk:Obs TIME_PERIOD="1999-08-27" OBS_VALUE="326.55" BBK_DIFF="0.0"/>
      <bbk:Obs TIME_PERIOD="1999-08-26" OBS_VALUE="326.65" BBK_DIFF="0.1"/>
      <bbk:Obs TIME_PERIOD="1999-08-25" OBS_VALUE="326.46" BBK_DIFF="0.0"/>
      <bbk:Obs TIME_PERIOD="1999-08-24" OBS_VALUE="326.4" BBK_DIFF="0.0"/>
      <bbk:Obs TIME_PERIOD="1999-08-23" OBS_VALUE="326.55" BBK_DIFF="-0.1"/>
      <bbk:Obs TIME_PERIOD="1999-08-22" BBK_OBS_STATUS="K"/>
      <bbk:Obs TIME_PERIOD="1999-08-21" BBK_OBS_STATUS="K"/>
      <bbk:Obs TIME_PERIOD="1999-08-20" OBS_VALUE="326.85" BBK_DIFF="0.1"/>
      <bbk:Obs TIME_PERIOD="1999-08-19" OBS_VALUE="326.65" BBK_DIFF="0.1"/>
      <bbk:Obs TIME_PERIOD="1999-08-18" OBS_VALUE="326.28" BBK_DIFF="0.0"/>
      <bbk:Obs TIME_PERIOD="1999-08-17" OBS_VALUE="326.3" BBK_DIFF="0.0"/>
      <bbk:Obs TIME_PERIOD="1999-08-16" OBS_VALUE="326.35" BBK_DIFF="-0.1"/>
      <bbk:Obs TIME_PERIOD="1999-08-15" BBK_OBS_STATUS="K"/>
      <bbk:Obs TIME_PERIOD="1999-08-14" BBK_OBS_STATUS="K"/>
      <bbk:Obs TIME_PERIOD="1999-08-13" OBS_VALUE="326.6" BBK_DIFF="-0.1"/>
      <bbk:Obs TIME_PERIOD="1999-08-12" OBS_VALUE="327.0" BBK_DIFF="0.1"/>
      <bbk:Obs TIME_PERIOD="1999-08-11" OBS_VALUE="326.65" BBK_DIFF="-0.1"/>
      <bbk:Obs TIME_PERIOD="1999-08-10" OBS_VALUE="326.85" BBK_DIFF="0.0"/>
      <bbk:Obs TIME_PERIOD="1999-08-09" OBS_VALUE="326.9" BBK_DIFF="0.2"/>
      <bbk:Obs TIME_PERIOD="1999-08-08" BBK_OBS_STATUS="K"/>
      <bbk:Obs TIME_PERIOD="1999-08-07" BBK_OBS_STATUS="K"/>
      <bbk:Obs TIME_PERIOD="1999-08-06" OBS_VALUE="326.3" BBK_DIFF="0.1"/>
      <bbk:Obs TIME_PERIOD="1999-08-05" OBS_VALUE="325.9" BBK_DIFF="0.0"/>
      <bbk:Obs TIME_PERIOD="1999-08-04" OBS_VALUE="325.82" BBK_DIFF="0.1"/>
      <bbk:Obs TIME_PERIOD="1999-08-03" OBS_VALUE="325.6" BBK_DIFF="0.0"/>
      <bbk:Obs TIME_PERIOD="1999-08-02" OBS_VALUE="325.6" BBK_DIFF="0.1"/>
      <bbk:Obs TIME_PERIOD="1999-08-01" BBK_OBS_STATUS="K"/>
      <bbk:Obs TIME_PERIOD="1999-07-31" BBK_OBS_STATUS="K"/>
      <bbk:Obs TIME_PERIOD="1999-07-30" OBS_VALUE="325.15" BBK_DIFF="0.0"/>
      <bbk:Obs TIME_PERIOD="1999-07-29" OBS_VALUE="325.0" BBK_DIFF="0.0"/>
      <bbk:Obs TIME_PERIOD="1999-07-28" OBS_VALUE="324.87" BBK_DIFF="0.0"/>
      <bbk:Obs TIME_PERIOD="1999-07-27" OBS_VALUE="324.9" BBK_DIFF="-0.1"/>
      <bbk:Obs TIME_PERIOD="1999-07-26" OBS_VALUE="325.13" BBK_DIFF="0.0"/>
      <bbk:Obs TIME_PERIOD="1999-07-25" BBK_OBS_STATUS="K"/>
      <bbk:Obs TIME_PERIOD="1999-07-24" BBK_OBS_STATUS="K"/>
      <bbk:Obs TIME_PERIOD="1999-07-23" OBS_VALUE="325.08" BBK_DIFF="0.0"/>
      <bbk:Obs TIME_PERIOD="1999-07-22" OBS_VALUE="325.15" BBK_DIFF="0.1"/>
      <bbk:Obs TIME_PERIOD="1999-07-21" OBS_VALUE="324.86" BBK_DIFF="0.1"/>
      <bbk:Obs TIME_PERIOD="1999-07-20" OBS_VALUE="324.6" BBK_DIFF="0.1"/>
      <bbk:Obs TIME_PERIOD="1999-07-19" OBS_VALUE="324.43" BBK_DIFF="0.0"/>
      <bbk:Obs TIME_PERIOD="1999-07-18" BBK_OBS_STATUS="K"/>
      <bbk:Obs TIME_PERIOD="1999-07-17" BBK_OBS_STATUS="K"/>
      <bbk:Obs TIME_PERIOD="1999-07-16" OBS_VALUE="324.38" BBK_DIFF="-0.1"/>
      <bbk:Obs TIME_PERIOD="1999-07-15" OBS_VALUE="324.7" BBK_DIFF="0.0"/>
      <bbk:Obs TIME_PERIOD="1999-07-14" OBS_VALUE="324.72" BBK_DIFF="0.0"/>
      <bbk:Obs TIME_PERIOD="1999-07-13" OBS_VALUE="324.88" BBK_DIFF="0.0"/>
      <bbk:Obs TIME_PERIOD="1999-07-12" OBS_VALUE="324.87" BBK_DIFF="-0.1"/>
      <bbk:Obs TIME_PERIOD="1999-07-11" BBK_OBS_STATUS="K"/>
      <bbk:Obs TIME_PERIOD="1999-07-10" BBK_OBS_STATUS="K"/>
      <bbk:Obs TIME_PERIOD="1999-07-09" OBS_VALUE="325.2" BBK_DIFF="-0.1"/>
      <bbk:Obs TIME_PERIOD="1999-07-08" OBS_VALUE="325.53" BBK_DIFF="0.1"/>
      <bbk:Obs TIME_PERIOD="1999-07-07" OBS_VALUE="325.2" BBK_DIFF="0.0"/>
      <bbk:Obs TIME_PERIOD="1999-07-06" OBS_VALUE="325.35" BBK_DIFF="0.2"/>
      <bbk:Obs TIME_PERIOD="1999-07-05" OBS_VALUE="324.8" BBK_DIFF="0.0"/>
      <bbk:Obs TIME_PERIOD="1999-07-04" BBK_OBS_STATUS="K"/>
      <bbk:Obs TIME_PERIOD="1999-07-03" BBK_OBS_STATUS="K"/>
      <bbk:Obs TIME_PERIOD="1999-07-02" OBS_VALUE="324.95" BBK_DIFF="-0.1"/>
      <bbk:Obs TIME_PERIOD="1999-07-01" OBS_VALUE="325.15" BBK_DIFF="0.2"/>
      <bbk:Obs TIME_PERIOD="1999-06-30" OBS_VALUE="324.45" BBK_DIFF="0.0"/>
      <bbk:Obs TIME_PERIOD="1999-06-29" OBS_VALUE="324.6" BBK_DIFF="0.0"/>
      <bbk:Obs TIME_PERIOD="1999-06-28" OBS_VALUE="324.67" BBK_DIFF="0.0"/>
      <bbk:Obs TIME_PERIOD="1999-06-27" BBK_OBS_STATUS="K"/>
      <bbk:Obs TIME_PERIOD="1999-06-26" BBK_OBS_STATUS="K"/>
      <bbk:Obs TIME_PERIOD="1999-06-25" OBS_VALUE="324.75" BBK_DIFF="0.1"/>
      <bbk:Obs TIME_PERIOD="1999-06-24" OBS_VALUE="324.35" BBK_DIFF="0.0"/>
      <bbk:Obs TIME_PERIOD="1999-06-23" OBS_VALUE="324.45" BBK_DIFF="0.0"/>
      <bbk:Obs TIME_PERIOD="1999-06-22" OBS_VALUE="324.55" BBK_DIFF="0.0"/>
      <bbk:Obs TIME_PERIOD="1999-06-21" OBS_VALUE="324.6" BBK_DIFF="0.2"/>
      <bbk:Obs TIME_PERIOD="1999-06-20" BBK_OBS_STATUS="K"/>
      <bbk:Obs TIME_PERIOD="1999-06-19" BBK_OBS_STATUS="K"/>
      <bbk:Obs TIME_PERIOD="1999-06-18" OBS_VALUE="323.95" BBK_DIFF="0.2"/>
      <bbk:Obs TIME_PERIOD="1999-06-17" OBS_VALUE="323.35" BBK_DIFF="-0.1"/>
      <bbk:Obs TIME_PERIOD="1999-06-16" OBS_VALUE="323.74" BBK_DIFF="-0.1"/>
      <bbk:Obs TIME_PERIOD="1999-06-15" OBS_VALUE="323.94" BBK_DIFF="0.0"/>
      <bbk:Obs TIME_PERIOD="1999-06-14" OBS_VALUE="323.95" BBK_DIFF="0.0"/>
      <bbk:Obs TIME_PERIOD="1999-06-13" BBK_OBS_STATUS="K"/>
      <bbk:Obs TIME_PERIOD="1999-06-12" BBK_OBS_STATUS="K"/>
      <bbk:Obs TIME_PERIOD="1999-06-11" OBS_VALUE="323.95" BBK_DIFF="0.0"/>
      <bbk:Obs TIME_PERIOD="1999-06-10" OBS_VALUE="324.0" BBK_DIFF="0.0"/>
      <bbk:Obs TIME_PERIOD="1999-06-09" OBS_VALUE="323.9" BBK_DIFF="0.0"/>
      <bbk:Obs TIME_PERIOD="1999-06-08" OBS_VALUE="323.95" BBK_DIFF="0.0"/>
      <bbk:Obs TIME_PERIOD="1999-06-07" OBS_VALUE="324.1" BBK_DIFF="0.0"/>
      <bbk:Obs TIME_PERIOD="1999-06-06" BBK_OBS_STATUS="K"/>
      <bbk:Obs TIME_PERIOD="1999-06-05" BBK_OBS_STATUS="K"/>
      <bbk:Obs TIME_PERIOD="1999-06-04" OBS_VALUE="324.0" BBK_DIFF="0.1"/>
      <bbk:Obs TIME_PERIOD="1999-06-03" OBS_VALUE="323.82" BBK_DIFF="-0.1"/>
      <bbk:Obs TIME_PERIOD="1999-06-02" OBS_VALUE="324.0" BBK_DIFF="-0.1"/>
      <bbk:Obs TIME_PERIOD="1999-06-01" OBS_VALUE="324.35" BBK_DIFF="-0.2"/>
      <bbk:Obs TIME_PERIOD="1999-05-31" OBS_VALUE="324.9" BBK_DIFF="-0.1"/>
      <bbk:Obs TIME_PERIOD="1999-05-30" BBK_OBS_STATUS="K"/>
      <bbk:Obs TIME_PERIOD="1999-05-29" BBK_OBS_STATUS="K"/>
      <bbk:Obs TIME_PERIOD="1999-05-28" OBS_VALUE="325.1" BBK_DIFF="0.0"/>
      <bbk:Obs TIME_PERIOD="1999-05-27" OBS_VALUE="325.0" BBK_DIFF="-0.1"/>
      <bbk:Obs TIME_PERIOD="1999-05-26" OBS_VALUE="325.25" BBK_DIFF="0.0"/>
      <bbk:Obs TIME_PERIOD="1999-05-25" OBS_VALUE="325.3" BBK_DIFF="0.1"/>
      <bbk:Obs TIME_PERIOD="1999-05-24" OBS_VALUE="324.9" BBK_DIFF="0.0"/>
      <bbk:Obs TIME_PERIOD="1999-05-23" BBK_OBS_STATUS="K"/>
      <bbk:Obs TIME_PERIOD="1999-05-22" BBK_OBS_STATUS="K"/>
      <bbk:Obs TIME_PERIOD="1999-05-21" OBS_VALUE="324.88" BBK_DIFF="0.0"/>
      <bbk:Obs TIME_PERIOD="1999-05-20" OBS_VALUE="324.85" BBK_DIFF="0.0"/>
      <bbk:Obs TIME_PERIOD="1999-05-19" OBS_VALUE="324.9" BBK_DIFF="-0.2"/>
      <bbk:Obs TIME_PERIOD="1999-05-18" OBS_VALUE="325.43" BBK_DIFF="0.0"/>
      <bbk:Obs TIME_PERIOD="1999-05-17" OBS_VALUE="325.4" BBK_DIFF="0.2"/>
      <bbk:Obs TIME_PERIOD="1999-05-16" BBK_OBS_STATUS="K"/>
      <bbk:Obs TIME_PERIOD="1999-05-15" BBK_OBS_STATUS="K"/>
      <bbk:Obs TIME_PERIOD="1999-05-14" OBS_VALUE="324.85" BBK_DIFF="-0.2"/>
      <bbk:Obs TIME_PERIOD="1999-05-13" OBS_VALUE="325.4" BBK_DIFF="0.0"/>
      <bbk:Obs TIME_PERIOD="1999-05-12" OBS_VALUE="325.35" BBK_DIFF="0.0"/>
      <bbk:Obs TIME_PERIOD="1999-05-11" OBS_VALUE="325.3" BBK_DIFF="-0.3"/>
      <bbk:Obs TIME_PERIOD="1999-05-10" OBS_VALUE="326.15" BBK_DIFF="0.0"/>
      <bbk:Obs TIME_PERIOD="1999-05-09" BBK_OBS_STATUS="K"/>
      <bbk:Obs TIME_PERIOD="1999-05-08" BBK_OBS_STATUS="K"/>
      <bbk:Obs TIME_PERIOD="1999-05-07" OBS_VALUE="326.1" BBK_DIFF="0.4"/>
      <bbk:Obs TIME_PERIOD="1999-05-06" OBS_VALUE="324.8" BBK_DIFF="-0.1"/>
      <bbk:Obs TIME_PERIOD="1999-05-05" OBS_VALUE="325.0" BBK_DIFF="-0.1"/>
      <bbk:Obs TIME_PERIOD="1999-05-04" OBS_VALUE="325.17" BBK_DIFF="-0.1"/>
      <bbk:Obs TIME_PERIOD="1999-05-03" OBS_VALUE="325.35" BBK_DIFF="-0.1"/>
      <bbk:Obs TIME_PERIOD="1999-05-02" BBK_OBS_STATUS="K"/>
      <bbk:Obs TIME_PERIOD="1999-05-01" BBK_OBS_STATUS="K"/>
      <bbk:Obs TIME_PERIOD="1999-04-30" OBS_VALUE="325.65" BBK_DIFF="-0.3"/>
      <bbk:Obs TIME_PERIOD="1999-04-29" OBS_VALUE="326.75" BBK_DIFF="0.0"/>
      <bbk:Obs TIME_PERIOD="1999-04-28" OBS_VALUE="326.65" BBK_DIFF="0.3"/>
      <bbk:Obs TIME_PERIOD="1999-04-27" OBS_VALUE="325.7" BBK_DIFF="-0.2"/>
      <bbk:Obs TIME_PERIOD="1999-04-26" OBS_VALUE="326.4" BBK_DIFF="0.1"/>
      <bbk:Obs TIME_PERIOD="1999-04-25" BBK_OBS_STATUS="K"/>
      <bbk:Obs TIME_PERIOD="1999-04-24" BBK_OBS_STATUS="K"/>
      <bbk:Obs TIME_PERIOD="1999-04-23" OBS_VALUE="326.2" BBK_DIFF="-0.2"/>
      <bbk:Obs TIME_PERIOD="1999-04-22" OBS_VALUE="326.7" BBK_DIFF="0.2"/>
      <bbk:Obs TIME_PERIOD="1999-04-21" OBS_VALUE="326.2" BBK_DIFF="0.2"/>
      <bbk:Obs TIME_PERIOD="1999-04-20" OBS_VALUE="325.7" BBK_DIFF="0.4"/>
      <bbk:Obs TIME_PERIOD="1999-04-19" OBS_VALUE="324.3" BBK_DIFF="0.0"/>
      <bbk:Obs TIME_PERIOD="1999-04-18" BBK_OBS_STATUS="K"/>
      <bbk:Obs TIME_PERIOD="1999-04-17" BBK_OBS_STATUS="K"/>
      <bbk:Obs TIME_PERIOD="1999-04-16" OBS_VALUE="324.45" BBK_DIFF="0.0"/>
      <bbk:Obs TIME_PERIOD="1999-04-15" OBS_VALUE="324.5" BBK_DIFF="0.0"/>
      <bbk:Obs TIME_PERIOD="1999-04-14" OBS_VALUE="324.4" BBK_DIFF="0.0"/>
      <bbk:Obs TIME_PERIOD="1999-04-13" OBS_VALUE="324.3" BBK_DIFF="-0.1"/>
      <bbk:Obs TIME_PERIOD="1999-04-12" OBS_VALUE="324.56" BBK_DIFF="0.3"/>
      <bbk:Obs TIME_PERIOD="1999-04-11" BBK_OBS_STATUS="K"/>
      <bbk:Obs TIME_PERIOD="1999-04-10" BBK_OBS_STATUS="K"/>
      <bbk:Obs TIME_PERIOD="1999-04-09" OBS_VALUE="323.7" BBK_DIFF="-0.2"/>
      <bbk:Obs TIME_PERIOD="1999-04-08" OBS_VALUE="324.45" BBK_DIFF="-0.2"/>
      <bbk:Obs TIME_PERIOD="1999-04-07" OBS_VALUE="324.95" BBK_DIFF="-0.4"/>
      <bbk:Obs TIME_PERIOD="1999-04-06" OBS_VALUE="326.2" BBK_DIFF="-0.2"/>
      <bbk:Obs TIME_PERIOD="1999-04-05" OBS_VALUE="326.8" BBK_DIFF="0.2"/>
      <bbk:Obs TIME_PERIOD="1999-04-04" BBK_OBS_STATUS="K"/>
      <bbk:Obs TIME_PERIOD="1999-04-03" BBK_OBS_STATUS="K"/>
      <bbk:Obs TIME_PERIOD="1999-04-02" OBS_VALUE="326.3" BBK_DIFF="-0.1"/>
      <bbk:Obs TIME_PERIOD="1999-04-01" OBS_VALUE="326.75" BBK_DIFF="0.3"/>
      <bbk:Obs TIME_PERIOD="1999-03-31" OBS_VALUE="325.9" BBK_DIFF="0.2"/>
      <bbk:Obs TIME_PERIOD="1999-03-30" OBS_VALUE="325.1" BBK_DIFF="-0.2"/>
      <bbk:Obs TIME_PERIOD="1999-03-29" OBS_VALUE="325.9" BBK_DIFF="0.9"/>
      <bbk:Obs TIME_PERIOD="1999-03-28" BBK_OBS_STATUS="K"/>
      <bbk:Obs TIME_PERIOD="1999-03-27" BBK_OBS_STATUS="K"/>
      <bbk:Obs TIME_PERIOD="1999-03-26" OBS_VALUE="323.0" BBK_DIFF="-0.4"/>
      <bbk:Obs TIME_PERIOD="1999-03-25" OBS_VALUE="324.42" BBK_DIFF="-0.2"/>
      <bbk:Obs TIME_PERIOD="1999-03-24" OBS_VALUE="325.0" BBK_DIFF="0.8"/>
      <bbk:Obs TIME_PERIOD="1999-03-23" OBS_VALUE="322.3" BBK_DIFF="0.2"/>
      <bbk:Obs TIME_PERIOD="1999-03-22" OBS_VALUE="321.55" BBK_DIFF="0.0"/>
      <bbk:Obs TIME_PERIOD="1999-03-21" BBK_OBS_STATUS="K"/>
      <bbk:Obs TIME_PERIOD="1999-03-20" BBK_OBS_STATUS="K"/>
      <bbk:Obs TIME_PERIOD="1999-03-19" OBS_VALUE="321.55" BBK_DIFF="0.0"/>
      <bbk:Obs TIME_PERIOD="1999-03-18" OBS_VALUE="321.45" BBK_DIFF="0.1"/>
      <bbk:Obs TIME_PERIOD="1999-03-17" OBS_VALUE="321.18" BBK_DIFF="0.0"/>
      <bbk:Obs TIME_PERIOD="1999-03-16" OBS_VALUE="321.3" BBK_DIFF="0.0"/>
      <bbk:Obs TIME_PERIOD="1999-03-15" OBS_VALUE="321.4" BBK_DIFF="0.0"/>
      <bbk:Obs TIME_PERIOD="1999-03-14" BBK_OBS_STATUS="K"/>
      <bbk:Obs TIME_PERIOD="1999-03-13" BBK_OBS_STATUS="K"/>
      <bbk:Obs TIME_PERIOD="1999-03-12" OBS_VALUE="321.55" BBK_DIFF="0.0"/>
      <bbk:Obs TIME_PERIOD="1999-03-11" OBS_VALUE="321.6" BBK_DIFF="0.1"/>
      <bbk:Obs TIME_PERIOD="1999-03-10" OBS_VALUE="321.3" BBK_DIFF="-0.1"/>
      <bbk:Obs TIME_PERIOD="1999-03-09" OBS_VALUE="321.65" BBK_DIFF="-0.1"/>
      <bbk:Obs TIME_PERIOD="1999-03-08" OBS_VALUE="321.9" BBK_DIFF="0.0"/>
      <bbk:Obs TIME_PERIOD="1999-03-07" BBK_OBS_STATUS="K"/>
      <bbk:Obs TIME_PERIOD="1999-03-06" BBK_OBS_STATUS="K"/>
      <bbk:Obs TIME_PERIOD="1999-03-05" OBS_VALUE="321.95" BBK_DIFF="0.0"/>
      <bbk:Obs TIME_PERIOD="1999-03-04" OBS_VALUE="321.9" BBK_DIFF="0.1"/>
      <bbk:Obs TIME_PERIOD="1999-03-03" OBS_VALUE="321.6" BBK_DIFF="-0.2"/>
      <bbk:Obs TIME_PERIOD="1999-03-02" OBS_VALUE="322.15" BBK_DIFF="0.1"/>
      <bbk:Obs TIME_PERIOD="1999-03-01" OBS_VALUE="321.75" BBK_DIFF="-0.1"/>
      <bbk:Obs TIME_PERIOD="1999-02-28" BBK_OBS_STATUS="K"/>
      <bbk:Obs TIME_PERIOD="1999-02-27" BBK_OBS_STATUS="K"/>
      <bbk:Obs TIME_PERIOD="1999-02-26" OBS_VALUE="321.95" BBK_DIFF="-0.2"/>
      <bbk:Obs TIME_PERIOD="1999-02-25" OBS_VALUE="322.65" BBK_DIFF="0.1"/>
      <bbk:Obs TIME_PERIOD="1999-02-24" OBS_VALUE="322.35" BBK_DIFF="-0.2"/>
      <bbk:Obs TIME_PERIOD="1999-02-23" OBS_VALUE="323.1" BBK_DIFF="0.3"/>
      <bbk:Obs TIME_PERIOD="1999-02-22" OBS_VALUE="322.05" BBK_DIFF="0.0"/>
      <bbk:Obs TIME_PERIOD="1999-02-21" BBK_OBS_STATUS="K"/>
      <bbk:Obs TIME_PERIOD="1999-02-20" BBK_OBS_STATUS="K"/>
      <bbk:Obs TIME_PERIOD="1999-02-19" OBS_VALUE="322.1" BBK_DIFF="0.1"/>
      <bbk:Obs TIME_PERIOD="1999-02-18" OBS_VALUE="321.85" BBK_DIFF="0.0"/>
      <bbk:Obs TIME_PERIOD="1999-02-17" OBS_VALUE="322.0" BBK_DIFF="-0.1"/>
      <bbk:Obs TIME_PERIOD="1999-02-16" OBS_VALUE="322.4" BBK_DIFF="0.2"/>
      <bbk:Obs TIME_PERIOD="1999-02-15" OBS_VALUE="321.9" BBK_DIFF="0.0"/>
      <bbk:Obs TIME_PERIOD="1999-02-14" BBK_OBS_STATUS="K"/>
      <bbk:Obs TIME_PERIOD="1999-02-13" BBK_OBS_STATUS="K"/>
      <bbk:Obs TIME_PERIOD="1999-02-12" OBS_VALUE="321.9" BBK_DIFF="-0.1"/>
      <bbk:Obs TIME_PERIOD="1999-02-11" OBS_VALUE="322.1" BBK_DIFF="0.0"/>
      <bbk:Obs TIME_PERIOD="1999-02-10" OBS_VALUE="322.0" BBK_DIFF="-0.2"/>
      <bbk:Obs TIME_PERIOD="1999-02-09" OBS_VALUE="322.55" BBK_DIFF="0.1"/>
      <bbk:Obs TIME_PERIOD="1999-02-08" OBS_VALUE="322.25" BBK_DIFF="0.1"/>
      <bbk:Obs TIME_PERIOD="1999-02-07" BBK_OBS_STATUS="K"/>
      <bbk:Obs TIME_PERIOD="1999-02-06" BBK_OBS_STATUS="K"/>
      <bbk:Obs TIME_PERIOD="1999-02-05" OBS_VALUE="321.95" BBK_DIFF="0.1"/>
      <bbk:Obs TIME_PERIOD="1999-02-04" OBS_VALUE="321.55" BBK_DIFF="0.1"/>
      <bbk:Obs TIME_PERIOD="1999-02-03" OBS_VALUE="321.1" BBK_DIFF="0.1"/>
      <bbk:Obs TIME_PERIOD="1999-02-02" OBS_VALUE="320.78" BBK_DIFF="-0.1"/>
      <bbk:Obs TIME_PERIOD="1999-02-01" OBS_VALUE="321.1" BBK_DIFF="0.0"/>
      <bbk:Obs TIME_PERIOD="1999-01-31" BBK_OBS_STATUS="K"/>
      <bbk:Obs TIME_PERIOD="1999-01-30" BBK_OBS_STATUS="K"/>
      <bbk:Obs TIME_PERIOD="1999-01-29" OBS_VALUE="320.98" BBK_DIFF="-0.2"/>
      <bbk:Obs TIME_PERIOD="1999-01-28" OBS_VALUE="321.6" BBK_DIFF="-0.1"/>
      <bbk:Obs TIME_PERIOD="1999-01-27" OBS_VALUE="321.85" BBK_DIFF="-0.1"/>
      <bbk:Obs TIME_PERIOD="1999-01-26" OBS_VALUE="322.05" BBK_DIFF="0.0"/>
      <bbk:Obs TIME_PERIOD="1999-01-25" OBS_VALUE="322.05" BBK_DIFF="-0.2"/>
      <bbk:Obs TIME_PERIOD="1999-01-24" BBK_OBS_STATUS="K"/>
      <bbk:Obs TIME_PERIOD="1999-01-23" BBK_OBS_STATUS="K"/>
      <bbk:Obs TIME_PERIOD="1999-01-22" OBS_VALUE="322.65" BBK_DIFF="0.0"/>
      <bbk:Obs TIME_PERIOD="1999-01-21" OBS_VALUE="322.75" BBK_DIFF="0.1"/>
      <bbk:Obs TIME_PERIOD="1999-01-20" OBS_VALUE="322.55" BBK_DIFF="-0.3"/>
      <bbk:Obs TIME_PERIOD="1999-01-19" OBS_VALUE="323.45" BBK_DIFF="0.0"/>
      <bbk:Obs TIME_PERIOD="1999-01-18" OBS_VALUE="323.5" BBK_DIFF="-0.4"/>
      <bbk:Obs TIME_PERIOD="1999-01-17" BBK_OBS_STATUS="K"/>
      <bbk:Obs TIME_PERIOD="1999-01-16" BBK_OBS_STATUS="K"/>
      <bbk:Obs TIME_PERIOD="1999-01-15" OBS_VALUE="324.95" BBK_DIFF="0.0"/>
      <bbk:Obs TIME_PERIOD="1999-01-14" OBS_VALUE="325.0" BBK_DIFF="-0.2"/>
      <bbk:Obs TIME_PERIOD="1999-01-13" OBS_VALUE="325.65" BBK_DIFF="0.6"/>
      <bbk:Obs TIME_PERIOD="1999-01-12" OBS_VALUE="323.8" BBK_DIFF="0.1"/>
      <bbk:Obs TIME_PERIOD="1999-01-11" OBS_VALUE="323.4" BBK_DIFF="-0.2"/>
      <bbk:Obs TIME_PERIOD="1999-01-10" BBK_OBS_STATUS="K"/>
      <bbk:Obs TIME_PERIOD="1999-01-09" BBK_OBS_STATUS="K"/>
      <bbk:Obs TIME_PERIOD="1999-01-08" OBS_VALUE="324.0" BBK_DIFF="-0.1"/>
      <bbk:Obs TIME_PERIOD="1999-01-07" OBS_VALUE="324.4" BBK_DIFF="-0.1"/>
      <bbk:Obs TIME_PERIOD="1999-01-06" OBS_VALUE="324.72" BBK_DIFF="0.0"/>
      <bbk:Obs TIME_PERIOD="1999-01-05" OBS_VALUE="324.7" BBK_DIFF="-0.7"/>
      <bbk:Obs TIME_PERIOD="1999-01-04" OBS_VALUE="327.15"/>
      <bbk:Obs TIME_PERIOD="1999-01-03" BBK_OBS_STATUS="K"/>
      <bbk:Obs TIME_PERIOD="1999-01-02" BBK_OBS_STATUS="K"/>
      <bbk:Obs TIME_PERIOD="1999-01-01" BBK_OBS_STATUS="K"/>
    </bbk:Series>
  </bbk:DataSet>
</CompactData>
